,test sample,loss,accuracy,epoch,batch,learning rate,hidden size,hidden_layer
0,14.0,1.680836794548668e-05,85.71428571428571,150.0,1.0,0.001,62.0,2.0
0,14.0,2.4318398573086597e-05,85.71428571428571,150.0,1.0,0.001,62.0,2.0
0,14.0,0.00014101465058047324,78.57142857142857,150.0,1.0,0.001,62.0,2.0
0,14.0,2.455681169521995e-05,100.0,150.0,1.0,0.001,62.0,2.0
0,14.0,2.396077979938127e-05,85.71428571428571,150.0,1.0,0.001,62.0,2.0
0,14.0,4.2914423829643056e-05,85.71428571428571,150.0,1.0,0.001,62.0,2.0
0,84.0,0.00014888131408952177,53.57142857142857,150.0,1.0,0.001,62.0,2.0
